{
    "rmse": 2.08012076967567,
    "mae": 1.4107547831611202,
    "r2": 0.8121644183751938
}